{
    "average_gpm": 550.0,
    "average_hero_damage": 251.4179104477612,
    "average_kda": 2.0,
    "average_lh_per_min": 9.545454545454545,
    "average_tower_damage": 5.556309362279512,
    "average_xpm": 608.0,
    "counter": 1
}