{
    "average_gpm": 555.9,
    "average_hero_damage": 314.2836363636364,
    "average_kda": 5.1,
    "average_lh_per_min": 5.1909090909090905,
    "average_tower_damage": 55.48,
    "average_xpm": 544.4,
    "counter": 10
}