{
    "average_gpm": 544.75,
    "average_hero_damage": 264.687125748503,
    "average_kda": 2.3,
    "average_lh_per_min": 7.072070145423439,
    "average_tower_damage": 42.4428999144568,
    "average_xpm": 455.5,
    "counter": 4
}