{
    "average_gpm": 307.25,
    "average_hero_damage": 119.08297690333617,
    "average_kda": 3.125,
    "average_lh_per_min": 1.3402480752780153,
    "average_tower_damage": 0.22241231822070145,
    "average_xpm": 361.25,
    "counter": 4
}