{
    "average_gpm": 357.8,
    "average_hero_damage": 236.43636363636364,
    "average_kda": 3.3,
    "average_lh_per_min": 1.3727272727272726,
    "average_tower_damage": 4.6,
    "average_xpm": 369.2,
    "counter": 10
}