{
    "average_gpm": 171.0,
    "average_hero_damage": 69.70827679782904,
    "average_kda": 0.5714285714285714,
    "average_lh_per_min": 1.0583446404341927,
    "average_tower_damage": 0.0,
    "average_xpm": 186.0,
    "counter": 1
}