{
    "average_gpm": 162.0,
    "average_hero_damage": 72.42605156037992,
    "average_kda": 0.8125,
    "average_lh_per_min": 0.44776119402985076,
    "average_tower_damage": 0.0,
    "average_xpm": 155.0,
    "counter": 2
}