{
    "average_gpm": 289.125,
    "average_hero_damage": 161.51764328485885,
    "average_kda": 1.1363636363636362,
    "average_lh_per_min": 0.9241873396065012,
    "average_tower_damage": 4.375,
    "average_xpm": 322.5,
    "counter": 8
}