{
    "average_gpm": 284.5263157894737,
    "average_hero_damage": 182.01913875598086,
    "average_kda": 1.063157894736842,
    "average_lh_per_min": 0.08803827751196172,
    "average_tower_damage": 4.773205741626794,
    "average_xpm": 289.36842105263156,
    "counter": 19
}