{
    "average_gpm": 592.75,
    "average_hero_damage": 333.93798118049614,
    "average_kda": 6.625,
    "average_lh_per_min": 7.7564157399486735,
    "average_tower_damage": 65.48481608212147,
    "average_xpm": 440.75,
    "counter": 4
}