{
    "average_gpm": 524.7,
    "average_hero_damage": 296.10727272727274,
    "average_kda": 4.2,
    "average_lh_per_min": 5.005454545454546,
    "average_tower_damage": 58.918181818181814,
    "average_xpm": 459.5,
    "counter": 10
}