{
    "average_gpm": 348.0,
    "average_hero_damage": 170.84124830393486,
    "average_kda": 0.6666666666666666,
    "average_lh_per_min": 5.108548168249661,
    "average_tower_damage": 0.0,
    "average_xpm": 393.0,
    "counter": 1
}