{
    "10_last_matches": [],
    "average_farm_rating": 41.125,
    "average_fight_rating": 36.74048418014421,
    "average_gpm": 300.5,
    "average_gpm_rating": 42.0875,
    "average_hd_rating": 42.980968360288415,
    "average_hero_damage": 115.01283147989734,
    "average_kda": 1.9583333333333333,
    "average_kda_rating": 31.0,
    "average_lh_per_min": 1.7566295979469633,
    "average_lhpm_rating": 39.70546869031233,
    "average_push_rating": 38.1896046852123,
    "average_td_rating": 38.1896046852123,
    "average_total_rating": 38.250750976607755,
    "average_tower_damage": 1.5,
    "average_xpm": 304.0,
    "average_xpm_rating": 39.6625,
    "counter": 2,
    "player_id": "102823997",
    "player_name": "MJW",
    "player_position": "offlane",
    "team_name": "compLexity"
}
