{
    "10_last_matches": [],
    "average_farm_rating": 61.4125,
    "average_fight_rating": 66.36033646991731,
    "average_gpm": 583.0,
    "average_gpm_rating": 62.775000000000006,
    "average_hd_rating": 57.720672939834614,
    "average_hero_damage": 286.37425149700596,
    "average_kda": 4.1,
    "average_kda_rating": 75.0,
    "average_lh_per_min": 7.144140290846877,
    "average_lhpm_rating": 48.279726261762185,
    "average_push_rating": 93.0,
    "average_td_rating": 93.0,
    "average_total_rating": 69.80913458796692,
    "average_tower_damage": 64.8857998289136,
    "average_xpm": 456.5,
    "average_xpm_rating": 60.05,
    "counter": 2,
    "player_id": "115141430",
    "player_name": "747",
    "player_position": "mid",
    "team_name": "FireDota'"
}