{
    "10_last_matches": [],
    "average_farm_rating": 64.94214285714285,
    "average_fight_rating": 64.16039601056028,
    "average_gpm": 612.4,
    "average_gpm_rating": 60.79571428571429,
    "average_hd_rating": 57.92079202112056,
    "average_hero_damage": 358.94373716632447,
    "average_kda": 6.0,
    "average_kda_rating": 69.6,
    "average_lh_per_min": 6.918275154004107,
    "average_lhpm_rating": 49.956438838369024,
    "average_push_rating": 65.77829275447345,
    "average_td_rating": 65.77829275447345,
    "average_total_rating": 64.63667409797594,
    "average_tower_damage": 71.74620123203286,
    "average_xpm": 585.2,
    "average_xpm_rating": 69.08857142857144,
    "counter": 5,
    "player_id": "115141430",
    "player_name": "747",
    "player_position": "mid",
    "team_name": "FireDota"
}