{
    "10_last_matches": [],
    "average_farm_rating": 34.634375000000006,
    "average_fight_rating": 47.39962158157551,
    "average_gpm": 194.0,
    "average_gpm_rating": 35.2625,
    "average_hd_rating": 47.53361816315102,
    "average_hero_damage": 158.5818181818182,
    "average_kda": 1.0,
    "average_kda_rating": 47.265625,
    "average_lh_per_min": 1.309090909090909,
    "average_lhpm_rating": 59.255104302781405,
    "average_push_rating": 43.4375,
    "average_td_rating": 43.4375,
    "average_total_rating": 44.05414794894531,
    "average_tower_damage": 0.0,
    "average_xpm": 190.0,
    "average_xpm_rating": 34.00625,
    "counter": 1,
    "player_id": "123051238",
    "player_name": "ALOHAD4NCE",
    "player_position": "support",
    "team_name": "Team Empire"
}