{
    "10_last_matches": [],
    "average_farm_rating": 41.328125,
    "average_fight_rating": 31.40965660195383,
    "average_gpm": 300.0,
    "average_gpm_rating": 41.9,
    "average_hd_rating": 53.65264653724099,
    "average_hero_damage": 260.6545454545454,
    "average_kda": 1.1666666666666667,
    "average_kda_rating": 9.166666666666671,
    "average_lh_per_min": 2.1818181818181817,
    "average_lhpm_rating": 57.519950532014185,
    "average_push_rating": 45.0875490013067,
    "average_td_rating": 45.0875490013067,
    "average_total_rating": 35.752986361302966,
    "average_tower_damage": 0.5454545454545454,
    "average_xpm": 310.0,
    "average_xpm_rating": 40.75625,
    "counter": 1,
    "player_id": "135270298",
    "player_name": "yolowarrior",
    "player_position": "offlane",
    "team_name": "Team Empire"
}