{
    "10_last_matches": [],
    "average_farm_rating": 60.612500000000004,
    "average_fight_rating": 34.24848813199848,
    "average_gpm": 651.0,
    "average_gpm_rating": 63.550000000000004,
    "average_hd_rating": 51.41364293066361,
    "average_hero_damage": 333.5420944558521,
    "average_kda": 4.25,
    "average_kda_rating": 17.083333333333343,
    "average_lh_per_min": 8.039014373716633,
    "average_lhpm_rating": 60.35899627024955,
    "average_push_rating": 100.0,
    "average_td_rating": 100.0,
    "average_total_rating": 61.883145252799395,
    "average_tower_damage": 196.9712525667351,
    "average_xpm": 511.0,
    "average_xpm_rating": 57.675000000000004,
    "counter": 1,
    "player_id": "177648913",
    "player_name": "ritsu",
    "player_position": "carry",
    "team_name": "Cloud9"
}