{
    "10_last_matches": [],
    "average_farm_rating": 52.350357142857135,
    "average_fight_rating": 65.93626674489097,
    "average_gpm": 310.4,
    "average_gpm_rating": 53.082857142857144,
    "average_hd_rating": 55.06300968025814,
    "average_hero_damage": 227.25585215605753,
    "average_kda": 2.666666666666667,
    "average_kda_rating": 76.00952380952381,
    "average_lh_per_min": 1.784804928131417,
    "average_lhpm_rating": 58.52003520093869,
    "average_push_rating": 58.629598122616606,
    "average_td_rating": 58.629598122616606,
    "average_total_rating": 62.07775110002933,
    "average_tower_damage": 13.6,
    "average_xpm": 335.0,
    "average_xpm_rating": 53.21785714285714,
    "counter": 5,
    "player_id": "21604967",
    "player_name": "whiteBeard",
    "player_position": "support",
    "team_name": "FireDota"
}