{
    "10_last_matches": [],
    "average_farm_rating": 63.40625,
    "average_fight_rating": 74.2239538303073,
    "average_gpm": 353.5,
    "average_gpm_rating": 61.1625,
    "average_hd_rating": 54.86501996007984,
    "average_hero_damage": 185.0021385799829,
    "average_kda": 3.7727272727272725,
    "average_kda_rating": 93.58288770053476,
    "average_lh_per_min": 2.701454234388366,
    "average_lhpm_rating": 59.668413173652695,
    "average_push_rating": 63.36883376104933,
    "average_td_rating": 63.36883376104933,
    "average_total_rating": 69.78938905039425,
    "average_tower_damage": 17.56415739948674,
    "average_xpm": 414.0,
    "average_xpm_rating": 66.15,
    "counter": 2,
    "player_id": "21604967",
    "player_name": "whiteBeard",
    "player_position": "support",
    "team_name": "FireDota"
}
