{
    "10_last_matches": [],
    "average_farm_rating": 49.7625,
    "average_fight_rating": 64.36772727272728,
    "average_gpm": 276.0,
    "average_gpm_rating": 48.575,
    "average_hd_rating": 55.679898989898994,
    "average_hero_damage": 236.36363636363637,
    "average_kda": 2.2,
    "average_kda_rating": 73.05555555555557,
    "average_lh_per_min": 1.6727272727272726,
    "average_lhpm_rating": 62.07575757575758,
    "average_push_rating": 45.455555555555556,
    "average_td_rating": 45.455555555555556,
    "average_total_rating": 57.66424747474748,
    "average_tower_damage": 0.6909090909090909,
    "average_xpm": 296.0,
    "average_xpm_rating": 50.949999999999996,
    "counter": 1,
    "player_id": "26771994",
    "player_name": "JerAx",
    "player_position": "support",
    "team_name": "$5JuNGz$"
}