{
    "10_last_matches": [],
    "average_farm_rating": 43.49999999999999,
    "average_fight_rating": 73.82676667196372,
    "average_gpm": 519.0,
    "average_gpm_rating": 39.52499999999999,
    "average_hd_rating": 47.65353334392745,
    "average_hero_damage": 314.7535934291581,
    "average_kda": 18.0,
    "average_kda_rating": 100.0,
    "average_lh_per_min": 4.342915811088296,
    "average_lhpm_rating": 28.920502877547655,
    "average_push_rating": 62.351505869864845,
    "average_td_rating": 62.351505869864845,
    "average_total_rating": 59.40100784275846,
    "average_tower_damage": 74.87679671457906,
    "average_xpm": 520.0,
    "average_xpm_rating": 47.474999999999994,
    "counter": 1,
    "player_id": "31818853",
    "player_name": "brax",
    "player_position": "mid",
    "team_name": "Cloud9"
}