{
    "10_last_matches": [],
    "average_farm_rating": 61.233333333333334,
    "average_fight_rating": 79.21454545454546,
    "average_gpm": 446.0,
    "average_gpm_rating": 64.7,
    "average_hd_rating": 58.42909090909091,
    "average_hero_damage": 312.3636363636364,
    "average_kda": 24.0,
    "average_kda_rating": 100.0,
    "average_lh_per_min": 4.7272727272727275,
    "average_lhpm_rating": 76.96969696969697,
    "average_push_rating": 55.494949494949495,
    "average_td_rating": 55.494949494949495,
    "average_total_rating": 71.44822222222223,
    "average_tower_damage": 10.0,
    "average_xpm": 416.0,
    "average_xpm_rating": 57.766666666666666,
    "counter": 1,
    "player_id": "34505203",
    "player_name": "MinD_ContRoL",
    "player_position": "offlane",
    "team_name": "$5JuNGz$"
}