{
    "10_last_matches": [],
    "average_farm_rating": 51.5375,
    "average_fight_rating": 49.229475242755356,
    "average_gpm": 278.5,
    "average_gpm_rating": 51.85625,
    "average_hd_rating": 53.077540229100464,
    "average_hero_damage": 133.2459366980325,
    "average_kda": 1.5769230769230769,
    "average_kda_rating": 45.881410256410255,
    "average_lh_per_min": 2.0008554319931564,
    "average_lhpm_rating": 54.16078982486815,
    "average_push_rating": 49.470129626753604,
    "average_td_rating": 49.470129626753604,
    "average_total_rating": 49.639211071003935,
    "average_tower_damage": 4.9178785286569715,
    "average_xpm": 305.5,
    "average_xpm_rating": 51.71875,
    "counter": 2,
    "player_id": "38515149",
    "player_name": "wayto",
    "player_position": "support",
    "team_name": "compLexity"
}
