{
    "10_last_matches": [],
    "average_farm_rating": 42.106,
    "average_fight_rating": 63.3165601186402,
    "average_gpm": 253.2,
    "average_gpm_rating": 42.739999999999995,
    "average_hd_rating": 47.19423134839151,
    "average_hero_damage": 152.18603696098563,
    "average_kda": 2.95,
    "average_kda_rating": 79.4388888888889,
    "average_lh_per_min": 0.2402464065708419,
    "average_lhpm_rating": 48.5094455852156,
    "average_push_rating": 44.50666666666667,
    "average_td_rating": 44.50666666666667,
    "average_total_rating": 54.99246940451745,
    "average_tower_damage": 2.4,
    "average_xpm": 264.6,
    "average_xpm_rating": 40.672000000000004,
    "counter": 5,
    "player_id": "41470731",
    "player_name": "FLUFFNSTUFF",
    "player_position": "support",
    "team_name": "FireDota"
}