{
    "10_last_matches": [],
    "average_farm_rating": 43.77142857142857,
    "average_fight_rating": 52.041825069712154,
    "average_gpm": 246.5,
    "average_gpm_rating": 41.653571428571425,
    "average_hd_rating": 43.20702676280093,
    "average_hero_damage": 88.07057313943541,
    "average_kda": 2.0454545454545454,
    "average_kda_rating": 60.87662337662338,
    "average_lh_per_min": 0.19674935842600513,
    "average_lhpm_rating": 42.50977636563607,
    "average_push_rating": 42.13369180007332,
    "average_td_rating": 42.13369180007332,
    "average_total_rating": 48.60611911612767,
    "average_tower_damage": 0.0,
    "average_xpm": 302.0,
    "average_xpm_rating": 45.88928571428571,
    "counter": 2,
    "player_id": "41470731",
    "player_name": "FLUFFNSTUFF",
    "player_position": "support",
    "team_name": "FireDota"
}
