{
    "10_last_matches": [],
    "average_farm_rating": 56.91153846153846,
    "average_fight_rating": 74.35036329173906,
    "average_gpm": 414.0,
    "average_gpm_rating": 67.88461538461539,
    "average_hd_rating": 48.70072658347812,
    "average_hero_damage": 167.80287474332647,
    "average_kda": 9.0,
    "average_kda_rating": 100.0,
    "average_lh_per_min": 0.6160164271047227,
    "average_lhpm_rating": 53.62501974411625,
    "average_push_rating": 61.245616806191755,
    "average_td_rating": 61.245616806191755,
    "average_total_rating": 68.24164902858948,
    "average_tower_damage": 19.928131416837783,
    "average_xpm": 284.0,
    "average_xpm_rating": 45.93846153846154,
    "counter": 1,
    "player_id": "47434686",
    "player_name": "SVG",
    "player_position": "support",
    "team_name": "Cloud9"
}