{
    "10_last_matches": [],
    "average_farm_rating": 59.49375,
    "average_fight_rating": 46.63847323915232,
    "average_gpm": 507.5,
    "average_gpm_rating": 58.175,
    "average_hd_rating": 52.068613144971295,
    "average_hero_damage": 244.00256629597945,
    "average_kda": 1.7083333333333335,
    "average_kda_rating": 41.208333333333336,
    "average_lh_per_min": 7.5205303678357565,
    "average_lhpm_rating": 62.981210555254265,
    "average_push_rating": 43.57721948907039,
    "average_td_rating": 43.57721948907039,
    "average_total_rating": 51.16833319347501,
    "average_tower_damage": 20.683917878528657,
    "average_xpm": 455.0,
    "average_xpm_rating": 61.3125,
    "counter": 2,
    "player_id": "49317728",
    "player_name": "swindlezz",
    "player_position": "mid",
    "team_name": "compLexity"
}
