{
    "10_last_matches": [],
    "average_farm_rating": 38.8975,
    "average_fight_rating": 42.5066969874085,
    "average_gpm": 282.5,
    "average_gpm_rating": 41.075,
    "average_hd_rating": 54.986244653550045,
    "average_hero_damage": 245.11163387510692,
    "average_kda": 1.1764705882352942,
    "average_kda_rating": 30.02714932126697,
    "average_lh_per_min": 2.0739948674080413,
    "average_lhpm_rating": 43.303678357570575,
    "average_push_rating": 36.98836612489307,
    "average_td_rating": 36.98836612489307,
    "average_total_rating": 40.58119141742372,
    "average_tower_damage": 2.6719418306244656,
    "average_xpm": 272.0,
    "average_xpm_rating": 37.22,
    "counter": 2,
    "player_id": "50828662",
    "player_name": "Zfreek",
    "player_position": "support",
    "team_name": "compLexity'"
}