{
    "10_last_matches": [],
    "average_farm_rating": 59.824999999999996,
    "average_fight_rating": 84.51979797979797,
    "average_gpm": 504.0,
    "average_gpm_rating": 46.43333333333332,
    "average_hd_rating": 69.03959595959596,
    "average_hero_damage": 468.07272727272726,
    "average_kda": 24.0,
    "average_kda_rating": 100.0,
    "average_lh_per_min": 5.054545454545455,
    "average_lhpm_rating": 49.12121212121212,
    "average_push_rating": 8.909090909090907,
    "average_td_rating": 8.909090909090907,
    "average_total_rating": 54.42814646464646,
    "average_tower_damage": 22.181818181818183,
    "average_xpm": 599.0,
    "average_xpm_rating": 73.21666666666667,
    "counter": 1,
    "player_id": "72312627",
    "player_name": "MATUMBAMAN",
    "player_position": "carry",
    "team_name": "$5JuNGz$"
}