{
    "10_last_matches": [],
    "average_farm_rating": 50.15,
    "average_fight_rating": 73.68,
    "average_gpm": 277.0,
    "average_gpm_rating": 48.614705882352936,
    "average_hd_rating": 47.36,
    "average_hero_damage": 155.16363636363636,
    "average_kda": 6.0,
    "average_kda_rating": 100.0,
    "average_lh_per_min": 1.1272727272727272,
    "average_lhpm_rating": 57.87700534759358,
    "average_push_rating": 53.58930481283422,
    "average_td_rating": 53.58930481283422,
    "average_total_rating": 64.95586096256685,
    "average_tower_damage": 9.236363636363636,
    "average_xpm": 301.0,
    "average_xpm_rating": 51.68529411764706,
    "counter": 1,
    "player_id": "82262664",
    "player_name": "KuroKy",
    "player_position": "support",
    "team_name": "$5JuNGz$"
}