{
    "10_last_matches": [],
    "average_farm_rating": 57.574999999999996,
    "average_fight_rating": 75.29141716566866,
    "average_gpm": 315.5,
    "average_gpm_rating": 50.825,
    "average_hd_rating": 50.582834331337324,
    "average_hero_damage": 124.16595380667236,
    "average_kda": 6.25,
    "average_kda_rating": 100.0,
    "average_lh_per_min": 1.6804961505560307,
    "average_lhpm_rating": 43.212147134302825,
    "average_push_rating": 48.11149130310807,
    "average_td_rating": 48.11149130310807,
    "average_total_rating": 67.258499429712,
    "average_tower_damage": 0.4448246364414029,
    "average_xpm": 420.0,
    "average_xpm_rating": 63.824999999999996,
    "counter": 2,
    "player_id": "84429681",
    "player_name": "Moo",
    "player_position": "offlane",
    "team_name": "FireDota'"
}