{
    "10_last_matches": [],
    "average_farm_rating": 52.731428571428566,
    "average_fight_rating": 67.56977706072162,
    "average_gpm": 342.2,
    "average_gpm_rating": 51.498571428571424,
    "average_hd_rating": 55.13955412144323,
    "average_hero_damage": 237.40492813141682,
    "average_kda": 5.08,
    "average_kda_rating": 80.0,
    "average_lh_per_min": 1.2866529774127309,
    "average_lhpm_rating": 52.213757700205335,
    "average_push_rating": 52.20539747726606,
    "average_td_rating": 52.20539747726606,
    "average_total_rating": 61.74183455558815,
    "average_tower_damage": 5.13264887063655,
    "average_xpm": 386.8,
    "average_xpm_rating": 53.96428571428571,
    "counter": 5,
    "player_id": "84429681",
    "player_name": "Moo",
    "player_position": "offlane",
    "team_name": "FireDota"
}