{
    "10_last_matches": [],
    "average_farm_rating": 68.6375,
    "average_fight_rating": 83.05392078201162,
    "average_gpm": 526.0,
    "average_gpm_rating": 76.975,
    "average_hd_rating": 66.10784156402323,
    "average_hero_damage": 380.3285420944558,
    "average_kda": 8.5,
    "average_kda_rating": 100.0,
    "average_lh_per_min": 4.435318275154004,
    "average_lhpm_rating": 72.65221635045322,
    "average_push_rating": 68.3718564310931,
    "average_td_rating": 68.3718564310931,
    "average_total_rating": 77.26078811231628,
    "average_tower_damage": 22.453798767967143,
    "average_xpm": 445.0,
    "average_xpm_rating": 60.300000000000004,
    "counter": 1,
    "player_id": "86726887",
    "player_name": "MSS",
    "player_position": "offlane",
    "team_name": "Cloud9"
}