{
    "10_last_matches": [],
    "average_farm_rating": 76.43333333333334,
    "average_fight_rating": 80.12626262626262,
    "average_gpm": 654.0,
    "average_gpm_rating": 66.33333333333334,
    "average_hd_rating": 60.252525252525245,
    "average_hero_damage": 406.8363636363636,
    "average_kda": 15.0,
    "average_kda_rating": 100.0,
    "average_lh_per_min": 6.909090909090909,
    "average_lhpm_rating": 58.09090909090909,
    "average_push_rating": 100.0,
    "average_td_rating": 100.0,
    "average_total_rating": 82.62383838383838,
    "average_tower_damage": 104.8,
    "average_xpm": 764.0,
    "average_xpm_rating": 86.53333333333333,
    "counter": 1,
    "player_id": "86799300",
    "player_name": "FATA-",
    "player_position": "mid",
    "team_name": "$5JuNGz$"
}