{
    "10_last_matches": [],
    "average_farm_rating": 59.5625,
    "average_fight_rating": 73.56310557811132,
    "average_gpm": 376.0,
    "average_gpm_rating": 63.137499999999996,
    "average_hd_rating": 47.12621115622264,
    "average_hero_damage": 154.3429158110883,
    "average_kda": 4.333333333333333,
    "average_kda_rating": 100.0,
    "average_lh_per_min": 1.7248459958932236,
    "average_lhpm_rating": 62.367300963129374,
    "average_push_rating": 84.72018614477165,
    "average_td_rating": 84.72018614477165,
    "average_total_rating": 72.99440057582112,
    "average_tower_damage": 40.87268993839835,
    "average_xpm": 348.0,
    "average_xpm_rating": 55.987500000000004,
    "counter": 1,
    "player_id": "87196890",
    "player_name": "1437",
    "player_position": "support",
    "team_name": "Cloud9"
}