{
    "10_last_matches": [],
    "average_farm_rating": 50.1375,
    "average_fight_rating": 47.808300711899776,
    "average_gpm": 466.0,
    "average_gpm_rating": 43.55,
    "average_hd_rating": 49.616601423799544,
    "average_hero_damage": 257.7425149700599,
    "average_kda": 3.333333333333333,
    "average_kda_rating": 45.5,
    "average_lh_per_min": 6.190761334473909,
    "average_lhpm_rating": 45.814860813825184,
    "average_push_rating": 42.00466792831405,
    "average_td_rating": 42.00466792831405,
    "average_total_rating": 46.76597066325412,
    "average_tower_damage": 29.25064157399487,
    "average_xpm": 427.0,
    "average_xpm_rating": 56.725,
    "counter": 2,
    "player_id": "87293485",
    "player_name": "Zyzzy",
    "player_position": "carry",
    "team_name": "compLexity"
}
