{
    "10_last_matches": [],
    "average_farm_rating": 51.00857142857143,
    "average_fight_rating": 47.763250220005865,
    "average_gpm": 554.2,
    "average_gpm_rating": 48.46,
    "average_hd_rating": 51.52650044001173,
    "average_hero_damage": 320.2804928131417,
    "average_kda": 5.833333333333334,
    "average_kda_rating": 44.0,
    "average_lh_per_min": 6.462422997946613,
    "average_lhpm_rating": 54.23124083308888,
    "average_push_rating": 55.2,
    "average_td_rating": 55.2,
    "average_total_rating": 50.887871516573774,
    "average_tower_damage": 64.129363449692,
    "average_xpm": 449.8,
    "average_xpm_rating": 51.957142857142856,
    "counter": 5,
    "player_id": "87360406",
    "player_name": "Jeyo",
    "player_position": "carry",
    "team_name": "FireDota"
}