{
    "10_last_matches": [],
    "average_farm_rating": 69.275,
    "average_fight_rating": 80.18142286854862,
    "average_gpm": 719.5,
    "average_gpm_rating": 78.725,
    "average_hd_rating": 64.86284573709723,
    "average_hero_damage": 410.8759623609923,
    "average_kda": 11.25,
    "average_kda_rating": 95.5,
    "average_lh_per_min": 10.512831479897347,
    "average_lhpm_rating": 79.11933276304534,
    "average_push_rating": 92.0,
    "average_td_rating": 92.0,
    "average_total_rating": 80.40506914741945,
    "average_tower_damage": 102.46963216424294,
    "average_xpm": 454.5,
    "average_xpm_rating": 59.825,
    "counter": 2,
    "player_id": "87360406",
    "player_name": "Jeyo",
    "player_position": "carry",
    "team_name": "FireDota"
}
