{
    "10_last_matches": [],
    "average_farm_rating": 35.740625,
    "average_fight_rating": 12.677030054134775,
    "average_gpm": 406.0,
    "average_gpm_rating": 29.4125,
    "average_hd_rating": 25.35406010826955,
    "average_hero_damage": 59.09090909090909,
    "average_kda": 0.5714285714285714,
    "average_kda_rating": 0.0,
    "average_lh_per_min": 6.545454545454546,
    "average_lhpm_rating": 55.67330128803435,
    "average_push_rating": 0.0,
    "average_td_rating": 0.0,
    "average_total_rating": 15.792999521653911,
    "average_tower_damage": 1.4545454545454546,
    "average_xpm": 398.0,
    "average_xpm_rating": 42.06875,
    "counter": 1,
    "player_id": "89269794",
    "player_name": "Silent",
    "player_position": "carry",
    "team_name": "Team Empire"
}